{
    "best_model_name": "XGBoost",
    "best_cv_score": 0.9997367234817134,
    "test_metrics": {
        "MSE": 0.00010187878036599866,
        "RMSE": 0.010093501888145593,
        "MAE": 0.00474796734879008,
        "R2": 0.9997898112423294
    },
    "timestamp": "2025-11-25 05:58:35.547556"
}